filename,path,operationId,verb,response_object,tags,params,summary,description,stackql_resource_name,stackql_method_name,stackql_verb,stackql_object_key
iamv2.json,/api/2.0/{parent}/account-access-identity-rules,account_iam_v2_create_account_access_identity_rule,post,AccountAccessIdentityRule,"iamv2, account_iam_v2","parent, external_principal_id, account_access_identity_rule",Creates a new account access identity rule for a given account. This allows administrators to,Creates a new account access identity rule for a given account. This allows administrators to explicitly allow or deny specific principals from accessing the account.  :param parent: str   Required. The account under which to create the rule. Format: accounts/{account_id} :param account_access_identity_rule: :class:`AccountAccessIdentityRule`   Required. The rule to create. :param external_principal_id: str   Required. The external ID of the principal in the customer's IdP.  :returns: :class:`AccountAccessIdentityRule`,account_access_identity_rules,create,insert,
iamv2.json,/api/2.0/{parent}/account-access-identity-rules,account_iam_v2_list_account_access_identity_rules,get,ListAccountAccessIdentityRulesResponse,"iamv2, account_iam_v2","parent, filter, page_size, page_token",Lists all account access identity rules for a given account. These rules control which principals,"Lists all account access identity rules for a given account. These rules control which principals (users, service principals, groups) from the customer's IdP are allowed or denied access to the Databricks account.  :param parent: str   Required. The account for which to list the rules. Format: accounts/{account_id} :param filter: str (optional)   Optional. Filter to apply to the list. Supports filtering by displayName. :param page_size: int (optional)   Optional. The maximum number of rules to return. The service may return fewer than this value. :param page_token: str (optional)   Optional. A page token, received from a previous call. Provide this to retrieve the subsequent page.  :returns: :class:`ListAccountAccessIdentityRulesResponse`",account_access_identity_rules,list,select,$.account_access_identity_rules
iamv2.json,/api/2.0/{parent}/attribute-control-entries,account_iam_v2_create_attribute_control_entry,post,AttributeControlEntry,"iamv2, account_iam_v2","parent, attribute_control_entry_id, attribute_control_entry",Creates (allows) an identity attribute control-list entry for an account.,"Creates (allows) an identity attribute control-list entry for an account.  :param parent: str   Required. The account under which to create the entry. Format: accounts/{account_id} :param attribute_control_entry: :class:`AttributeControlEntry`   Required. The entry to create. :param attribute_control_entry_id: str (optional)   Optional. The ID to use for the entry, which becomes the last segment of its resource name: the IdP   attribute being governed (e.g. ""department"").  :returns: :class:`AttributeControlEntry`",attribute_control_entries,create,insert,
iamv2.json,/api/2.0/{parent}/attribute-control-entries,account_iam_v2_list_attribute_control_entries,get,ListAttributeControlEntriesResponse,"iamv2, account_iam_v2","parent, page_size, page_token",Lists the identity attribute control-list entries for an account.,"Lists the identity attribute control-list entries for an account.  :param parent: str   Required. The account for which to list entries. Format: accounts/{account_id} :param page_size: int (optional)   Optional. The maximum number of entries to return. :param page_token: str (optional)   Optional. A page token from a previous call, to retrieve the next page.  :returns: :class:`ListAttributeControlEntriesResponse`",attribute_control_entries,list,select,$.attribute_control_entries
iamv2.json,/api/2.0/identity/accounts/{account_id}/groups/{group_id}/direct-members,account_iam_v2_create_direct_group_member,post,DirectGroupMember,"iamv2, account_iam_v2","account_id, group_id, direct_group_member",Creates a group membership (assigns a principal to a group).,Creates a group membership (assigns a principal to a group).  :param group_id: int   Required. Internal ID of the group in Databricks. :param direct_group_member: :class:`DirectGroupMember`   Required. The direct group member to be added to the group.  :returns: :class:`DirectGroupMember`,direct_group_members,create,insert,
iamv2.json,/api/2.0/identity/accounts/{account_id}/groups/{group_id}/direct-members,account_iam_v2_list_direct_group_members,get,ListDirectGroupMembersResponse,"iamv2, account_iam_v2","account_id, group_id, page_size, page_token",Lists provisioned direct members of a group with their membership source (internal or from identity,"Lists provisioned direct members of a group with their membership source (internal or from identity provider).  :param group_id: int   Required. Internal ID of the group in Databricks whose direct members are being listed. :param page_size: int (optional)   The maximum number of members to return. The service may return fewer than this value. If not   provided, defaults to 1000 (also the maximum allowed). :param page_token: str (optional)   A page token, received from a previous ListDirectGroupMembers call. Provide this to retrieve the   subsequent page.  :returns: :class:`ListDirectGroupMembersResponse`",direct_group_members,list,select,$.direct_group_members
iamv2.json,/api/2.0/identity/accounts/{account_id}/groups,account_iam_v2_create_group,post,Group,"iamv2, account_iam_v2","account_id, group",Creates a group in the Databricks account and returns the resulting Group resource.,Creates a group in the Databricks account and returns the resulting Group resource.  :param group: :class:`Group`   Required. Group to be created in <Databricks>  :returns: :class:`Group`,groups,create,insert,
iamv2.json,/api/2.0/identity/accounts/{account_id}/groups,account_iam_v2_list_groups,get,ListGroupsResponse,"iamv2, account_iam_v2","account_id, filter, page_size, page_token","Lists the groups in the Databricks account, returning one page per call. Supports filtering by group","Lists the groups in the Databricks account, returning one page per call. Supports filtering by group name or external ID.  :param filter: str (optional)   Optional. Allows filtering groups by group name or external id. :param page_size: int (optional)   The maximum number of groups to return. The service may return fewer than this value. :param page_token: str (optional)   A page token, received from a previous ListGroups call. Provide this to retrieve the subsequent   page.  :returns: :class:`ListGroupsResponse`",groups,list,select,$.groups
iamv2.json,/api/2.0/identity/accounts/{account_id}/service-principals,account_iam_v2_create_service_principal,post,ServicePrincipal,"iamv2, account_iam_v2","account_id, service_principal",Creates a service principal in the Databricks account and returns the resulting ServicePrincipal,Creates a service principal in the Databricks account and returns the resulting ServicePrincipal resource.  :param service_principal: :class:`ServicePrincipal`   Required. Service principal to be created in <Databricks>  :returns: :class:`ServicePrincipal`,service_principals,create,insert,
iamv2.json,/api/2.0/identity/accounts/{account_id}/service-principals,account_iam_v2_list_service_principals,get,ListServicePrincipalsResponse,"iamv2, account_iam_v2","account_id, filter, page_size, page_token","Lists the service principals in the Databricks account, returning one page per call. Supports","Lists the service principals in the Databricks account, returning one page per call. Supports filtering by application ID or external ID.  :param filter: str (optional)   Optional. Allows filtering service principals by application id or external id. :param page_size: int (optional)   The maximum number of service principals to return. The service may return fewer than this value. :param page_token: str (optional)   A page token, received from a previous ListServicePrincipals call. Provide this to retrieve the   subsequent page.  :returns: :class:`ListServicePrincipalsResponse`",service_principals,list,select,$.service_principals
iamv2.json,/api/2.0/identity/accounts/{account_id}/users,account_iam_v2_create_user,post,User,"iamv2, account_iam_v2","account_id, user",Creates a user in the Databricks account and returns the resulting User resource. Behavior depends on,"Creates a user in the Databricks account and returns the resulting User resource. Behavior depends on whether Account Identity Management (AIM) is enabled:  - When AIM is enabled: the user is provisioned with an internalId. If an externalId is provided, the   identity provider is treated as the source of truth for user metadata, and customer-supplied field   values may be overridden. - When AIM is disabled: the user is provisioned with an internalId only, and customer-supplied   metadata is used as-is.  :param user: :class:`User`   Required. User to be created in <Databricks>  :returns: :class:`User`",users,create,insert,
iamv2.json,/api/2.0/identity/accounts/{account_id}/users,account_iam_v2_list_users,get,ListUsersResponse,"iamv2, account_iam_v2","account_id, filter, page_size, page_token","Lists the users in the Databricks account, returning one page per call. Supports filtering by username","Lists the users in the Databricks account, returning one page per call. Supports filtering by username or external ID.  :param filter: str (optional)   Optional. Allows filtering users by username or external id. :param page_size: int (optional)   The maximum number of users to return. The service may return fewer than this value. :param page_token: str (optional)   A page token, received from a previous ListUsers call. Provide this to retrieve the subsequent page.  :returns: :class:`ListUsersResponse`",users,list,select,$.users
iamv2.json,/api/2.0/identity/accounts/{account_id}/workspaces/{workspace_id}/workspace-assignment-details,account_iam_v2_create_workspace_assignment_detail,post,WorkspaceAssignmentDetail,"iamv2, account_iam_v2","account_id, workspace_id, workspace_assignment_detail",Creates a workspace assignment detail for a principal. Entitlement grants are applied individually and,"Creates a workspace assignment detail for a principal. Entitlement grants are applied individually and non-atomically — if a failure occurs partway through, the principal will be assigned to the workspace but with only a subset of the requested entitlements. Use GetWorkspaceAssignmentDetail to confirm which entitlements were successfully granted.  :param workspace_id: int   Required. The workspace ID for which the workspace assignment detail is being created. :param workspace_assignment_detail: :class:`WorkspaceAssignmentDetail`   Required. Workspace assignment detail to be created in <Databricks>.  :returns: :class:`WorkspaceAssignmentDetail`",workspace_assignment_details,create,insert,
iamv2.json,/api/2.0/identity/accounts/{account_id}/workspaces/{workspace_id}/workspace-assignment-details,account_iam_v2_list_workspace_assignment_details,get,ListWorkspaceAssignmentDetailsResponse,"iamv2, account_iam_v2","account_id, workspace_id, page_size, page_token","Lists workspace assignment details for a workspace. For scalability, the response omits the","Lists workspace assignment details for a workspace. For scalability, the response omits the per-principal entitlement fields (``entitlements`` and ``effective_entitlements``); call GetWorkspaceAssignmentDetail to read entitlements for a single principal.  :param workspace_id: int   Required. The workspace ID for which the workspace assignment details are being fetched. :param page_size: int (optional)   The maximum number of workspace assignment details to return. The service may return fewer than this   value. :param page_token: str (optional)   A page token, received from a previous ListWorkspaceAssignmentDetails call. Provide this to retrieve   the subsequent page.  :returns: :class:`ListWorkspaceAssignmentDetailsResponse`",workspace_assignment_details,list,select,$.workspace_assignment_details
iamv2.json,/api/2.0/{parent}/account-access-identity-rules/{external_principal_id},account_iam_v2_delete_account_access_identity_rule,delete,,"iamv2, account_iam_v2","parent, external_principal_id",Deletes an account access identity rule for a given principal.,Deletes an account access identity rule for a given principal.  :param parent: str   Required. The account for which to delete the rule. Format: accounts/{account_id} :param external_principal_id: str   Required. The external ID of the principal whose rule should be deleted.,account_access_identity_rules,delete,delete,
iamv2.json,/api/2.0/{parent}/account-access-identity-rules/{external_principal_id},account_iam_v2_get_account_access_identity_rule,get,AccountAccessIdentityRule,"iamv2, account_iam_v2","parent, external_principal_id",Gets an account access identity rule for a given principal.,Gets an account access identity rule for a given principal.  :param parent: str   Required. The account for which to get the rule. Format: accounts/{account_id} :param external_principal_id: str   Required. The external ID of the principal whose rule should be retrieved.  :returns: :class:`AccountAccessIdentityRule`,account_access_identity_rules,get,select,
iamv2.json,/api/2.0/{name},account_iam_v2_delete_attribute_control_entry,delete,,"iamv2, account_iam_v2",name,Deletes an identity attribute control-list entry.,Deletes an identity attribute control-list entry.  :param name: str   Required. The resource name of the entry to delete. Format:   accounts/{account_id}/attribute-control-entries/{attribute_name},attribute_control_entries,delete,delete,
iamv2.json,/api/2.0/{name},account_iam_v2_get_attribute_control_entry,get,AttributeControlEntry,"iamv2, account_iam_v2",name,Gets an identity attribute control-list entry.,Gets an identity attribute control-list entry.  :param name: str   Required. The resource name of the entry to get. Format:   accounts/{account_id}/attribute-control-entries/{attribute_name}  :returns: :class:`AttributeControlEntry`,attribute_control_entries,get,select,
iamv2.json,/api/2.0/{name},account_iam_v2_update_attribute_control_entry,patch,AttributeControlEntry,"iamv2, account_iam_v2","name, update_mask, attribute_control_entry",Updates an identity attribute control-list entry for an account.,"Updates an identity attribute control-list entry for an account.  :param name: str   The resource name of the entry. Format:   accounts/{account_id}/attribute-control-entries/{attribute_name} where {attribute_name} is the IdP   attribute being governed (e.g. ""department""). :param attribute_control_entry: :class:`AttributeControlEntry`   Required. The entry to update; its ``name`` identifies the existing entry. :param update_mask: FieldMask   Required. The fields to update. For the PrPr only is_allowed is mutable, so the backend currently   applies the full entry regardless of the mask.  :returns: :class:`AttributeControlEntry`",attribute_control_entries,update,update,
iamv2.json,/api/2.0/identity/accounts/{account_id}/groups/{group_id}/direct-members/{principal_id},account_iam_v2_delete_direct_group_member,delete,,"iamv2, account_iam_v2","account_id, group_id, principal_id",Deletes a group membership (unassigns a principal from a group).,Deletes a group membership (unassigns a principal from a group).  :param group_id: int   Required. Internal ID of the group in Databricks. :param principal_id: int   Required. Internal ID of the principal to be unassigned from the group.,direct_group_members,delete,delete,
iamv2.json,/api/2.0/identity/accounts/{account_id}/groups/{group_id}/direct-members/{principal_id},account_iam_v2_get_direct_group_member,get,DirectGroupMember,"iamv2, account_iam_v2","account_id, group_id, principal_id",Gets a provisioned direct member of a group.,Gets a provisioned direct member of a group.  :param group_id: int   Required. Internal ID of the group in Databricks. :param principal_id: int   Required. Internal ID of the principal belonging to the group in Databricks.  :returns: :class:`DirectGroupMember`,direct_group_members,get,select,
iamv2.json,/api/2.0/identity/accounts/{account_id}/groups/{internal_id},account_iam_v2_delete_group,delete,,"iamv2, account_iam_v2","account_id, internal_id",Deletes a group from the Databricks account by its internal ID.,Deletes a group from the Databricks account by its internal ID.  :param internal_id: str   Required. Internal ID of the group in Databricks.,groups,delete,delete,
iamv2.json,/api/2.0/identity/accounts/{account_id}/groups/{internal_id},account_iam_v2_get_group,get,Group,"iamv2, account_iam_v2","account_id, internal_id",Fetches a group from the Databricks account by its internal ID.,Fetches a group from the Databricks account by its internal ID.  :param internal_id: str   Required. Internal ID of the group in Databricks.  :returns: :class:`Group`,groups,get,select,
iamv2.json,/api/2.0/identity/accounts/{account_id}/groups/{internal_id},account_iam_v2_update_group,patch,Group,"iamv2, account_iam_v2","account_id, internal_id, update_mask, group",Updates an existing group in the Databricks account. Only the fields named in the update mask are,Updates an existing group in the Databricks account. Only the fields named in the update mask are modified. Returns the updated Group resource.  :param internal_id: str   Required. Internal ID of the group in Databricks. :param group: :class:`Group`   Required. Group to be updated in <Databricks> :param update_mask: str   Optional. The list of fields to update.  :returns: :class:`Group`,groups,update,update,
iamv2.json,/api/2.0/identity/accounts/{account_id}/service-principals/{internal_id},account_iam_v2_delete_service_principal,delete,,"iamv2, account_iam_v2","account_id, internal_id",Deletes a service principal from the Databricks account by its internal ID.,Deletes a service principal from the Databricks account by its internal ID.  :param internal_id: str   Required. Internal ID of the service principal in Databricks.,service_principals,delete,delete,
iamv2.json,/api/2.0/identity/accounts/{account_id}/service-principals/{internal_id},account_iam_v2_get_service_principal,get,ServicePrincipal,"iamv2, account_iam_v2","account_id, internal_id",Fetches a service principal from the Databricks account by its internal ID.,Fetches a service principal from the Databricks account by its internal ID.  :param internal_id: str   Required. Internal ID of the service principal in Databricks.  :returns: :class:`ServicePrincipal`,service_principals,get,select,
iamv2.json,/api/2.0/identity/accounts/{account_id}/service-principals/{internal_id},account_iam_v2_update_service_principal,patch,ServicePrincipal,"iamv2, account_iam_v2","account_id, internal_id, update_mask, service_principal",Updates an existing service principal in the Databricks account. Only the fields named in the update,Updates an existing service principal in the Databricks account. Only the fields named in the update mask are modified. Returns the updated ServicePrincipal resource.  :param internal_id: str   Required. Internal ID of the service principal in Databricks. :param service_principal: :class:`ServicePrincipal`   Required. Service Principal to be updated in <Databricks> :param update_mask: str   Optional. The list of fields to update.  :returns: :class:`ServicePrincipal`,service_principals,update,update,
iamv2.json,/api/2.0/identity/accounts/{account_id}/users/{internal_id},account_iam_v2_delete_user,delete,,"iamv2, account_iam_v2","account_id, internal_id",Deletes a user from the Databricks account by its internal ID.,Deletes a user from the Databricks account by its internal ID.  :param internal_id: str   Required. Internal ID of the user in Databricks.,users,delete,delete,
iamv2.json,/api/2.0/identity/accounts/{account_id}/users/{internal_id},account_iam_v2_get_user,get,User,"iamv2, account_iam_v2","account_id, internal_id",Fetches a user from the Databricks account by its internal ID.,Fetches a user from the Databricks account by its internal ID.  :param internal_id: str   Required. Internal ID of the user in Databricks.  :returns: :class:`User`,users,get,select,
iamv2.json,/api/2.0/identity/accounts/{account_id}/users/{internal_id},account_iam_v2_update_user,patch,User,"iamv2, account_iam_v2","account_id, internal_id, update_mask, user","Updates an existing user in the Databricks account, returning the updated User resource. The behavior","Updates an existing user in the Databricks account, returning the updated User resource. The behavior is the same whether or not Account Identity Management (AIM) is enabled. Only the fields named in the update mask are modified; the updatable fields are fullName.givenName, fullName.familyName, status, and externalId.  :param internal_id: str   Required. Internal ID of the user in Databricks. :param user: :class:`User`   Required. User to be updated in <Databricks> :param update_mask: str   Optional. The list of fields to update.  :returns: :class:`User`",users,update,update,
iamv2.json,/api/2.0/identity/accounts/{account_id}/workspaces/{workspace_id}/workspace-assignment-details/{principal_id},account_iam_v2_delete_workspace_assignment_detail,delete,,"iamv2, account_iam_v2","account_id, workspace_id, principal_id","Deletes a workspace assignment detail for a principal, revoking all associated entitlements.","Deletes a workspace assignment detail for a principal, revoking all associated entitlements. Entitlement revocations are applied individually and non-atomically — if a failure occurs partway through, the principal remains assigned with a subset of its original entitlements, and the operation is safe to retry.  :param workspace_id: int   The workspace ID where the principal has access. :param principal_id: int   Required. ID of the principal in Databricks to delete workspace assignment for.",workspace_assignment_details,delete,delete,
iamv2.json,/api/2.0/identity/accounts/{account_id}/workspaces/{workspace_id}/workspace-assignment-details/{principal_id},account_iam_v2_get_workspace_assignment_detail,get,WorkspaceAssignmentDetail,"iamv2, account_iam_v2","account_id, workspace_id, principal_id",Returns the assignment details for a principal in a workspace.,Returns the assignment details for a principal in a workspace.  :param workspace_id: int   Required. The workspace ID for which the assignment details are being requested. :param principal_id: int   Required. The internal ID of the principal (user/sp/group) for which the assignment details are   being requested.  :returns: :class:`WorkspaceAssignmentDetail`,workspace_assignment_details,get,select,
iamv2.json,/api/2.0/identity/accounts/{account_id}/workspaces/{workspace_id}/workspace-assignment-details/{principal_id},account_iam_v2_update_workspace_assignment_detail,patch,WorkspaceAssignmentDetail,"iamv2, account_iam_v2","account_id, workspace_id, principal_id, update_mask, workspace_assignment_detail",Updates the entitlements of a directly assigned principal in a workspace. Entitlement changes are,"Updates the entitlements of a directly assigned principal in a workspace. Entitlement changes are applied individually and non-atomically — if a failure occurs partway through, only a subset of the requested changes may have been applied. Use GetWorkspaceAssignmentDetail to confirm the final state.  :param workspace_id: int   Required. The workspace ID for which the workspace assignment detail is being updated. :param principal_id: int   Required. ID of the principal in Databricks. :param workspace_assignment_detail: :class:`WorkspaceAssignmentDetail`   Required. Workspace assignment detail to be updated in <Databricks>. :param update_mask: FieldMask   Required. The list of fields to update.  :returns: :class:`WorkspaceAssignmentDetail`",workspace_assignment_details,update,update,
iamv2.json,/api/2.0/identity/{name},account_iam_v2_get_external_user,get,ExternalUser,"iamv2, account_iam_v2",name,Retrieves an external user with the given external ID from the customer's IdP. If the user does not,"Retrieves an external user with the given external ID from the customer's IdP. If the user does not exist, it will be created. If the customer is not onboarded onto Automatic Identity Management (AIM), this will return an error.  :param name: str   Required. The resource name of the external user. Format:   accounts/{account_id}/external-users/{external_user_id}  :returns: :class:`ExternalUser`",external_users,get,select,
iamv2.json,/api/2.0/identity/accounts/{account_id}/workspaces/{workspace_id}/workspace-access-details/{principal_id},account_iam_v2_get_workspace_access_detail,get,WorkspaceAccessDetail,"iamv2, account_iam_v2","account_id, workspace_id, principal_id, view",Returns the access details for a principal in a workspace. Allows for checking access details for any,"Returns the access details for a principal in a workspace. Allows for checking access details for any provisioned principal (user, service principal, or group) in a workspace.  - Provisioned principal here refers to one that has been synced into Databricks from the customer's   IdP or added explicitly to Databricks via SCIM/UI. Allows for passing in a ""view"" parameter to   control what fields are returned (BASIC by default or FULL).  :param workspace_id: int   Required. The workspace ID for which the access details are being requested. :param principal_id: int   Required. The internal ID of the principal (user/sp/group) for which the access details are being   requested. :param view: :class:`WorkspaceAccessDetailView` (optional)   Controls what fields are returned.  :returns: :class:`WorkspaceAccessDetail`",workspace_access_details,get,select,
iamv2.json,/api/2.0/identity/accounts/{account_id}/principals/{principal_id}/transitive-parent-groups,account_iam_v2_list_transitive_parent_groups,get,ListTransitiveParentGroupsResponse,"iamv2, account_iam_v2","account_id, principal_id, page_size, page_token",Lists all transitive parent groups of a principal.,"Lists all transitive parent groups of a principal.  :param principal_id: int   Required. Internal ID of the principal in Databricks whose transitive parent groups are being   listed. :param page_size: int (optional)   The maximum number of parent groups to return. The service may return fewer than this value. If not   provided, defaults to 1000 (also the maximum allowed). :param page_token: str (optional)   A page token, received from a previous ListTransitiveParentGroups call. Provide this to retrieve the   subsequent page.  :returns: :class:`ListTransitiveParentGroupsResponse`",transitive_parent_groups,list,select,$.transitive_parent_groups
iamv2.json,/api/2.0/identity/accounts/{account_id}/workspaces/{workspace_id}/workspace-access-details,account_iam_v2_list_workspace_access_details,get,ListWorkspaceAccessDetailsResponse,"iamv2, account_iam_v2","account_id, workspace_id, page_size, page_token","Lists the access details of every provisioned principal (user, service principal, or group) with","Lists the access details of every provisioned principal (user, service principal, or group) with access to the given workspace, returning one page per call.  - Provisioned principal here refers to one that has been synced into Databricks from the customer's   IdP or added explicitly to Databricks via SCIM/UI.  :param workspace_id: int   The workspace ID for which the workspace access details are being fetched. :param page_size: int (optional)   The maximum number of workspace access details to return. The service may return fewer than this   value. :param page_token: str (optional)   A page token, received from a previous ListWorkspaceAccessDetails call. Provide this to retrieve the   subsequent page.  :returns: :class:`ListWorkspaceAccessDetailsResponse`",workspace_access_details,list,select,$.workspace_access_details
iamv2.json,/api/2.0/identity/accounts/{account_id}/groups/resolve-by-external-id,account_iam_v2_resolve_group,post,ResolveGroupResponse,"iamv2, account_iam_v2","account_id, external_id","Resolves a group with the given external ID from the customer's IdP. If the group does not exist, it","Resolves a group with the given external ID from the customer's IdP. If the group does not exist, it will be created in the account. If the customer is not onboarded onto Automatic Identity Management (AIM), this will return an error.  :param external_id: str   Required. The external ID of the group in the customer's IdP.  :returns: :class:`ResolveGroupResponse`",groups,resolve,exec,
iamv2.json,/api/2.0/identity/accounts/{account_id}/service-principals/resolve-by-external-id,account_iam_v2_resolve_service_principal,post,ResolveServicePrincipalResponse,"iamv2, account_iam_v2","account_id, external_id","Resolves an SP with the given external ID from the customer's IdP. If the SP does not exist, it will","Resolves an SP with the given external ID from the customer's IdP. If the SP does not exist, it will be created. If the customer is not onboarded onto Automatic Identity Management (AIM), this will return an error.  :param external_id: str   Required. The external ID of the service principal in the customer's IdP.  :returns: :class:`ResolveServicePrincipalResponse`",service_principals,resolve,exec,
iamv2.json,/api/2.0/identity/accounts/{account_id}/users/resolve-by-external-id,account_iam_v2_resolve_user,post,ResolveUserResponse,"iamv2, account_iam_v2","account_id, external_id","Resolves a user with the given external ID from the customer's IdP. If the user does not exist, it","Resolves a user with the given external ID from the customer's IdP. If the user does not exist, it will be created. If the customer is not onboarded onto Automatic Identity Management (AIM), this will return an error.  :param external_id: str   Required. The external ID of the user in the customer's IdP.  :returns: :class:`ResolveUserResponse`",users,resolve,exec,
